{
  "target_ppfd": 1000.0,
  "strategy": "lsq",
  "lambda_s_best": 10.0,
  "lambda_r_best": 0.1,
  "lambda_mean": 10.0,
  "ring_indices": [
    0,
    1,
    2,
    3,
    4,
    5
  ],
  "ring_powers_W_per_module": [
    81.42523706514024,
    80.43221127342917,
    82.39252388706646,
    79.9016271580849,
    81.33762881546483,
    98.85150766023436
  ],
  "metrics": {
    "mean": 1000.0,
    "min": 950.1317774477693,
    "max": 1039.5882599091906,
    "p05": 971.9917706395572,
    "p50": 999.6268425970928,
    "p95": 1028.8051399183157,
    "peak_over_mean": 1.0395882599091906,
    "min_over_mean": 0.9501317774477693,
    "mean_over_peak": 0.9619192891687247,
    "setpoint_ppfd": 1000.0,
    "cap_scale": 0.9619192891687247,
    "dim_penalty": 0.03808071083127529,
    "mean_at_cap": 961.9192891687245,
    "min_at_cap": 913.9500839791752,
    "p05_at_cap": 934.977633091453,
    "utilization_at_cap": 0.9619192891687245,
    "coverage_ge_90": 1.0,
    "coverage_ge_95": 0.7644444444444445
  },
  "basis_file": "/Users/austinrouse/radiance_simuls/basis_quantum.npy",
  "n_points": 225
}