{
  "target_ppfd": 1000.0,
  "strategy": "lsq",
  "lambda_s_best": 10.0,
  "lambda_r_best": 0.0,
  "lambda_mean": 10.0,
  "metrics": {
    "mean": 999.398211906977,
    "min": 886.2092849957074,
    "max": 1054.1122325916115,
    "p05": 967.7725536927728,
    "p50": 998.3672277610943,
    "p95": 1037.2792155102698,
    "peak_over_mean": 1.0547469667573581,
    "min_over_mean": 0.8867429163243239,
    "mean_over_peak": 0.948094691444652,
    "setpoint_ppfd": 1000.0,
    "cap_scale": 0.9486655870992289,
    "dim_penalty": 0.05133441290077112,
    "mean_at_cap": 948.094691444652,
    "min_at_cap": 840.7162516432406,
    "p05_at_cap": 918.0925178274742,
    "utilization_at_cap": 0.948094691444652,
    "coverage_ge_90": 0.9822222222222222,
    "coverage_ge_95": 0.43555555555555553
  },
  "basis_file": "/Users/austinrouse/radiance_simuls/basis_A.npy",
  "n_points": 225,
  "ring_indices": [
    0,
    1,
    2,
    3,
    4,
    5,
    6
  ],
  "ring_powers_W_per_module": [
    29.656781797134872,
    31.169357947461187,
    40.16003037369345,
    46.305665828811634,
    20.026206897677056,
    16.47161413250692,
    100.0
  ]
}