{
  "target_ppfd": 1000.0,
  "strategy": "lsq",
  "lambda_s_best": 10.0,
  "lambda_r_best": 0.0,
  "lambda_mean": 10.0,
  "ring_indices": [
    0,
    1,
    2,
    3,
    4,
    5,
    6,
    7
  ],
  "ring_powers_W_per_module": [
    39.66922307111067,
    41.13892502171787,
    42.963094816726006,
    36.68162232886058,
    44.38115722543547,
    51.752571578061314,
    7.999743106397414e-23,
    97.47666629627261
  ],
  "metrics": {
    "mean": 1000.0000000000002,
    "min": 834.1524241549946,
    "max": 1116.2374022876236,
    "p05": 944.9252948397419,
    "p50": 1000.8759339662059,
    "p95": 1078.459650457453,
    "peak_over_mean": 1.1162374022876234,
    "min_over_mean": 0.8341524241549945,
    "mean_over_peak": 0.8958667734575049,
    "setpoint_ppfd": 1000.0,
    "cap_scale": 0.8958667734575047,
    "dim_penalty": 0.10413322654249535,
    "mean_at_cap": 895.8667734575048,
    "min_at_cap": 747.2894407994909,
    "p05_at_cap": 846.5271750464609,
    "utilization_at_cap": 0.8958667734575048,
    "coverage_ge_90": 0.4177777777777778,
    "coverage_ge_95": 0.12444444444444444
  },
  "basis_file": "/Users/austinrouse/radiance_simuls/basis_cob.npy",
  "n_points": 225
}