{
  "target_ppfd": 800.0,
  "strategy": "lsq",
  "lambda_s_best": 10.0,
  "lambda_r_best": 0.1,
  "lambda_mean": 10.0,
  "ring_indices": [
    0,
    1,
    2,
    3,
    4,
    5
  ],
  "ring_powers_W_per_module": [
    28.9914865045817,
    26.257619408130005,
    33.77478059252626,
    31.90410716505601,
    10.020907632052989,
    70.90546867889474
  ],
  "metrics": {
    "mean": 800.0,
    "min": 672.4407633249832,
    "max": 886.4096207612923,
    "p05": 742.8596073431514,
    "p50": 798.7498224123328,
    "p95": 868.9723812324603,
    "peak_over_mean": 1.1080120259516155,
    "min_over_mean": 0.840550954156229,
    "mean_over_peak": 0.9025172801181022,
    "setpoint_ppfd": 800.0,
    "cap_scale": 0.9025172801181022,
    "dim_penalty": 0.09748271988189783,
    "mean_at_cap": 722.0138240944816,
    "min_at_cap": 606.8894087566043,
    "p05_at_cap": 670.4436323289424,
    "utilization_at_cap": 0.9025172801181021,
    "coverage_ge_90": 0.5244444444444445,
    "coverage_ge_95": 0.1288888888888889
  },
  "basis_file": "/Users/austinrouse/radiance_simuls/basis_A.npy",
  "n_points": 225
}