{
  "target_ppfd": 1000.0,
  "strategy": "lsq",
  "lambda_s_best": 10.0,
  "lambda_r_best": 0.1,
  "lambda_mean": 10.0,
  "ring_indices": [
    0,
    1,
    2,
    3,
    4,
    5
  ],
  "ring_powers_W_per_module": [
    77.26564242519052,
    79.70621291729442,
    79.17707389152696,
    77.78137129666077,
    77.29924989479356,
    94.71097888943093
  ],
  "metrics": {
    "mean": 1000.0,
    "min": 930.6041360461084,
    "max": 1045.9199118875422,
    "p05": 966.4354529798512,
    "p50": 1001.2115372419981,
    "p95": 1030.871297039473,
    "peak_over_mean": 1.0459199118875422,
    "min_over_mean": 0.9306041360461084,
    "mean_over_peak": 0.9560961490783058,
    "setpoint_ppfd": 1000.0,
    "cap_scale": 0.9560961490783058,
    "dim_penalty": 0.04390385092169424,
    "mean_at_cap": 956.0961490783058,
    "min_at_cap": 889.7470307900279,
    "p05_at_cap": 924.0052149267839,
    "utilization_at_cap": 0.9560961490783058,
    "coverage_ge_90": 0.9866666666666667,
    "coverage_ge_95": 0.6933333333333334
  },
  "basis_file": "/Users/austinrouse/radiance_simuls/basis_quantum.npy",
  "n_points": 225
}