{
  "target_ppfd": 1000.0,
  "strategy": "lsq",
  "lambda_s_best": 10.0,
  "lambda_r_best": 0.1,
  "lambda_mean": 10.0,
  "ring_indices": [
    0,
    1,
    2,
    3,
    4,
    5,
    6,
    7
  ],
  "ring_powers_W_per_module": [
    17.430889330003758,
    60.2966858340956,
    15.380192722082976,
    58.140795033580524,
    19.524463053997334,
    58.78210086045388,
    2.92746485119244e-29,
    90.50786235364592
  ],
  "metrics": {
    "mean": 1000.0000000000002,
    "min": 871.2190486464142,
    "max": 1119.2458174542849,
    "p05": 899.067310005499,
    "p50": 1008.6293014667573,
    "p95": 1066.8392075372965,
    "peak_over_mean": 1.1192458174542845,
    "min_over_mean": 0.871219048646414,
    "mean_over_peak": 0.8934587776923677,
    "setpoint_ppfd": 1000.0,
    "cap_scale": 0.8934587776923675,
    "dim_penalty": 0.10654122230763252,
    "mean_at_cap": 893.4587776923677,
    "min_at_cap": 778.3983063059325,
    "p05_at_cap": 803.279579860678,
    "utilization_at_cap": 0.8934587776923677,
    "coverage_ge_90": 0.52,
    "coverage_ge_95": 0.05333333333333334
  },
  "basis_file": "/Users/austinrouse/radiance_simuls/basis_cob.npy",
  "n_points": 225
}